Id,Distance
8ef51286-0e5b-413c-8a2e-2430fec624d7.png,0
35f7cc5f-04db-4b07-87e1-fef68cb22d0f.png,0
3e2808d3-2af0-4357-8bcb-7c4445375002.png,0
fe467028-ee63-4402-8cb3-e2f8fc7eb363.png,0
c94e945a-5c89-4b60-be76-525b567a2cdd.png,0
84a0d382-0217-4564-af87-d06e717bf14b.png,0
dd5300e6-689f-4684-b615-ee3295c89c43.png,0
09b36d5f-2923-4bf3-8c4c-5da400b2a55b.png,0
84c1dddf-56ac-4740-bbd4-d6e9b8e1d972.png,0
f4183ca8-c511-4185-a2f3-e5c8d8f4a108.png,0
55c011d9-933e-4ae1-bce1-a503a5d094d5.png,0
ef41c559-9949-4e3a-8787-987d316c6ff0.png,0
b2c96fc2-d6e2-42e4-8444-ff7585d45232.png,0
bdcc0f74-41b8-4eed-8525-c3d19cf0a3ce.png,0
1d7c702f-f577-4b13-9266-060355c70a59.png,0
853dca0e-0515-4271-bc65-29fbdc26f4dc.png,0
21c2ebe8-183e-4f09-a542-6d889923eddf.png,0
9abc6838-f576-487a-a91a-2b16d25de08d.png,0
6a8c63a4-f480-4167-8833-c71a89d1e204.png,0
3717514a-68d9-4ebd-a5e9-694785e4847d.png,0
cc0de6a8-27b5-4124-b8c8-5ac7072fde28.png,0
14a55eb9-ab84-46f0-92d2-892a952a7bae.png,0
bb71bae9-c56b-40e7-b59a-019ce0944d56.png,0
868a84e3-1473-4705-b637-f0c5b636bafb.png,0
e23be36c-1bfc-4787-a1ae-a4cad3747f78.png,0
270af9c9-d7d7-446e-9398-ea44cba99c53.png,0
e8357bf2-3797-4ea1-87cb-f515c0103b24.png,0
b0cac419-2755-4fa4-ade4-99c973f028a5.png,0
4fc09b9b-c533-44f9-8627-5cc735445f1e.png,0
9b2df1cf-8bfc-44f0-a138-b3bb304769a6.png,0
d4061e3b-88c1-44cd-99f3-adcab747117b.png,0
7ac7bbb2-f156-4c8f-91ce-90911922696f.png,0
355d88ec-22b0-4e88-a53d-abd50db06091.png,0
c7bbb0fa-25d9-492a-96f7-7e2949109cc3.png,0
d8039272-4788-4afa-85e3-4d065a6b7f8b.png,0
ca773747-5528-4235-819a-e4c176fba523.png,0
53c2e7d8-ad65-4205-b7f0-3bb3c4056e52.png,0
5c357010-8d56-4af7-a5aa-6148b778b47b.png,0
3b14100c-c25a-4bce-8e67-16a7ad50b0e5.png,0
32c944c0-cb05-4879-a002-404f9d6e9fbd.png,0
93b7a14e-8bb5-479f-a619-6b83fa054b58.png,0
ec96327d-355f-45b3-a4f8-c7502278a347.png,0
9ed4f08b-2085-476f-ba1c-3039a4f6bbd9.png,0
70c74c78-99e6-4c03-b5fe-25aec3ebed82.png,0
63fda28a-9cf3-4f0c-9f10-db76f63b7f27.png,0
f34cedb5-3d1e-4b17-b90a-5eecd2161a09.png,0
89ec5134-5201-44f7-b1d4-b1b01c9b5a6f.png,0
933562b0-5a31-4fd8-b1f5-0db415935318.png,0
b4284bda-c776-4c5b-a988-3811bd359470.png,0
88f8c1b6-8b82-4d66-b433-a2bb08ea4d38.png,0
6a00c86d-95fd-4ab3-bded-2aab92584f00.png,0
c2f738bc-48f8-4eb9-8f3a-0afbb285f5bd.png,0
7c40bdf1-cb37-4732-bd6d-1bd4bd08c456.png,0
b093fbb0-bc6c-45a2-a62b-d6c22b6e2e3b.png,0
54049e25-04a1-4bb2-b7c5-88db145c3d46.png,0
d1416e57-5b48-47e7-a5ef-960e0772d083.png,0
70017c4a-6ca4-4ce2-865f-a86413923b9d.png,0
5212aa23-c249-4975-bb4c-cff0981e3714.png,0
26c26a81-d465-4f12-a712-c36faca4bc48.png,0
a803a171-5a05-4932-af49-c2afc59bb021.png,0
c4fdd782-317d-4e78-8015-09942014303e.png,0
89c4ffc7-6481-4efe-abb9-972737c7f6ff.png,0
33583bda-b23a-4ce9-bbf3-471a45534ca9.png,0
0015610e-7f4e-4b65-ab46-cc71c6965b8c.png,0
a8b87fb5-73e0-4dfa-9a33-eba6263dc773.png,0
c1e817e3-48a6-4c19-8060-c7233593dc59.png,0
bd7649b8-df08-440a-871c-8f84b74f3dff.png,0
41db8ac7-04c0-4358-81f5-2a7fa3109aa8.png,0
1180b9a7-eae4-4731-a1bf-243d5c6eef3c.png,0
36067694-8766-45a6-add1-4aa9614e1ad2.png,0
1623765b-81be-4931-955b-0c69db87db6d.png,0
5d37fc3b-6a98-4328-8715-53d4724560cb.png,0
928b7089-9461-4796-843e-6eb6c3bd1dd6.png,0
6f97cd10-4897-4a61-90fd-9c1a87bd31e7.png,0
27f4cac0-a4fa-4d43-b335-2bcb907b0246.png,0
3044e6bf-34e1-464f-a925-8b0a3ff7e724.png,0
301ca335-2515-48b0-8560-7e93dfe6b4e6.png,0
3035a136-d8e1-48f1-bd5b-5bf923247059.png,0
738ca6a6-1293-4c92-b72e-7c4e1aa29ca9.png,0
eaba283a-3078-45b6-91e6-2d1666fb0074.png,0
2df979dd-c205-424a-ab72-4437862db7b2.png,0
20b68bda-1e45-4620-ba5e-1e6105c0fa2c.png,0
c3b0dcc5-a068-4442-91a6-404c01dc2b4e.png,0
b2b7a695-6a10-4388-9816-d12afd44a0b5.png,0
d3e45f7a-4401-46ff-8b9e-f6a5d404b4bb.png,0
42cb4e72-fee0-46ac-8941-a465a1fb41bb.png,0
ea3d7ba0-9692-4271-9829-30a145b12a7b.png,0
900409db-f82b-4f04-9030-e33042589a37.png,0
d74ce3e7-aa00-4ae9-8088-80d74207caa7.png,0
cd742108-fbb0-4cbd-b615-711f4c7df313.png,0
d8415563-585a-4e26-9669-02063d28563a.png,0
333d39b1-a148-49e8-a87f-f9e0aee9678c.png,0
9c295de7-d1a2-427d-95ad-71e769f0e814.png,0
fbc920cc-8719-4171-8781-00879c7edf68.png,0
8f0bb140-d687-4df3-86e3-bdd38f298d52.png,0
c4232c87-c820-42cb-bcaf-796a0811db82.png,0
68ad14ee-245e-4d1e-ba97-952e424e8112.png,0
29b9d854-a2d3-4fe2-9826-ca0e0736e759.png,0
6cdc85d9-9d36-4c62-80e1-94cbe80743ed.png,0
d2955b24-027c-4759-b52d-296e9cc34ecd.png,0
3b169a4c-07f3-4399-9f77-f1187b79bd2e.png,0
b5210ea3-6d19-4d70-a1f8-01ac7c72f273.png,0
ccd7eb77-6452-4d3c-bee7-9338c6fb9aa4.png,0
3ea3f5f8-8f7d-4101-8ec1-3f0cbcf8f5fa.png,0
035e30cf-6056-4536-9470-5fdd897e20df.png,0
d546463d-ad7b-486b-8029-4b42aaf15197.png,0
a62d2591-c808-4c84-b2e8-5cb728643c01.png,0
3748e733-3e01-4684-bdba-dc78185f27d5.png,0
90b24ef1-8922-46ce-b260-2e759935c9c0.png,0
33ffaa7a-e0b4-4425-9ae4-6509203991f0.png,0
329191ad-be2a-4279-9bc1-eb99284c8c53.png,0
ff87f38c-bc34-4cdf-b793-df8936f44a17.png,0
8a8fb91a-92d8-4ed0-b5c3-bfe4c1bee24a.png,0
3e4ecade-648b-40d2-9eae-7a2d08111963.png,0
41b49253-b2b6-43fb-acd2-8170b9a280ad.png,0
1e3678d4-8a65-4832-b6cb-528ebae208cd.png,0
b793cc33-6ad9-491d-9070-f993c56c5439.png,0
3074a80d-efbd-4793-8eff-0b6bfebe42e4.png,0
2f00a79c-310c-4f22-a01f-4013b82d85ed.png,0
34fa43f4-d0bb-4779-8408-2145a452c264.png,0
26e16ef7-96c3-4338-86db-d7e52d929e69.png,0
c1684bab-116a-4b7b-8a8d-55d91f3dc4ec.png,0
fb1788f9-90ff-4936-99ca-35b3f1917f37.png,0
e1a85f29-bb52-4e5c-9c1e-96269f5f7dbd.png,0
564a20e2-595c-482a-b043-8cb7c8ca639e.png,0
0e200821-a042-4f91-bff2-108cfd5ff466.png,0
dcc21dbe-d2c6-4a74-ba3e-18abe70c7718.png,0
fdd3b417-cf71-4fcb-b79d-6846c4ffe8e4.png,0
7c1f2f19-ddbe-475f-a853-09c371d02f0f.png,0
656a0c15-6ab1-435b-8bb7-cc500049f2c3.png,0
a0b6bf00-606e-4fcd-b6c3-210096a86190.png,0
44e38a89-5a39-4d0b-a324-72988aa23944.png,0
ea0c0c38-aae4-4ff9-a480-133aa407200d.png,0
282e7152-2921-415e-ad78-f9857f3548bd.png,0
f04ae0bb-7ef4-40bf-8267-6069b66c9064.png,0
69543cd4-ab76-4656-9510-dee1e7c0b802.png,0
12501439-0acc-4576-ba2a-35938f70576e.png,0
c54e6aef-a857-4e0f-912c-5a5510025c89.png,0
e054531e-80d9-4ea3-93a6-cc11a59bf787.png,0
0bee29d3-0705-4987-bd34-4576f072d78a.png,0
85a38eb9-b068-4f90-95e0-9941a4b1ae07.png,0
d21f6963-84a0-43fe-ba3c-701cc024d89d.png,0
288af4a6-9119-4b20-859d-40cd358e3e60.png,0
e92e06d6-cd66-4904-9b00-176c89f08ab0.png,0
54d05d76-3247-4cf5-a327-cedccd033f5b.png,0
d79851bb-335c-495e-9c4b-e7a538ba8c60.png,0
72be00e2-9e4a-43f2-845e-08149f21354c.png,0
6f5953bf-edfd-4f60-a713-20d6cddb55b1.png,0
27911a9f-bd80-406b-a3a3-451ed3c79801.png,0
e0b57a18-01e2-401d-8038-4e8cfea1bbd7.png,0
39408f67-e6f5-4441-be8b-e76e9133c2de.png,0
210f83db-2cd8-4fed-93f9-81310f62b407.png,0
79c8ade6-b629-4423-accd-c6910a73eb9f.png,0
e4441114-3ab9-4c8b-b055-1623ca37796c.png,0
58fe535b-5609-4510-a9c6-ba06ac026006.png,0
ff2102ff-7531-48ad-88a1-bb5224d2c631.png,0
ebfa3d92-b336-478f-9f41-87f8fec9cfa8.png,0
866604da-943a-4596-bc86-1e0a7759af86.png,0
ea790552-f0f0-4161-b782-0e8f69fea678.png,0
e952a9a3-268b-4fe8-88dc-bc982e20dab6.png,0
ad87d1fa-f412-4f74-a40c-037f1ad11beb.png,0
89894531-89e7-4603-91c6-33151f0929a6.png,0
668dd69c-458b-44bc-91d6-7e20fe11c08b.png,0
393de5aa-41b5-46e7-bb12-3e27514cf872.png,0
01d01636-66e7-481d-8c0a-c4a3f1e87bb4.png,0
3b4967b2-3a8a-4259-9562-7070dc11315d.png,0
3846330c-9054-4537-9cd5-a4bebbf626b7.png,0
d2b42af1-f93b-4879-80ed-22cad756d29f.png,0
a52e6b54-fac5-4650-a989-61f74da36d51.png,0
15767c2d-7738-463b-902e-f22823bf9749.png,0
ca807169-f32c-400f-b21b-94cd73c7fd61.png,0
71ea62d0-e710-4b42-a5b7-7c0c905338c1.png,0
f9b775af-5d81-45ec-ba84-462cee19f69c.png,0
4690875d-6918-46fc-8561-f247d57c8291.png,0
9e09e034-9470-4289-a9ea-b253025dbf6b.png,0
4461fb66-0483-4dd2-9f30-65d93acea95c.png,0
2a453c82-aacd-4141-8bbd-e6f2df8f19a7.png,0
af9bcc2f-8df7-40a7-adfa-368b4a925d67.png,0
7a8b2cb2-d54a-4614-bc7e-79a572a12932.png,0
211d0c55-351e-4d9c-8ed9-90808306bd6a.png,0
ab9c2828-e604-4e63-879b-a85fb326a5b3.png,0
11aa708c-2400-4fb6-939b-f1117b0403bc.png,0
6af51c1b-9ed1-44f8-9f3b-261a5797da06.png,0
6e9a129c-7103-42c7-8619-e9bc0c011d50.png,0
63a243be-00dc-4869-9268-1893ceaed151.png,0
5f8e081d-5d51-40dc-9973-481f10ca317a.png,0
d4487683-c245-49b6-8184-1acbe020d3e4.png,0
351138cc-ea1b-4358-8250-ad5330ef7d25.png,0
7adec060-2491-436e-b859-a0158685b035.png,0
1d6f62f0-1341-44cf-a9d6-91282e78829b.png,0
708ee09c-512a-4101-ada4-07c76e0e23f0.png,0
68b1675d-a6ff-4c52-966d-3cedcfe75113.png,0
86e09aa6-00ef-4ca7-b0a2-c99a106b7904.png,0
fe450d30-6ace-4ac2-b643-5097c7235553.png,0
c3169a7f-724c-484f-bcfe-0a304a851c73.png,0
e0a001ea-08c9-4c86-a744-6a9624fef365.png,0
2fffac8e-169c-421f-b785-75e91c579bdf.png,0
e739a731-4f2b-4f28-b805-ee561085c360.png,0
148f6743-50fe-4243-9665-f97e4df450fe.png,0
f75387e2-51a1-4475-89e2-5728241c01ea.png,0
6e9a11a4-8bfc-4630-bbb3-775e9272dbee.png,0
4a662f39-38d2-42c6-bf3e-81218acc470e.png,0
c8ac0801-3e5d-4e1a-9131-c838c7b66bcc.png,0
b74cf388-75ed-470c-91b1-98f2e3996ab5.png,0
1888e283-c6ff-4f03-86ae-f6f812740f76.png,0
05f7ecf6-7367-42ac-a02b-6d3873b9fa34.png,0
8263d69f-fe1a-441b-85fb-2382ba0076fb.png,0
e6c3a9b2-8f3d-46d1-a41f-0ff66772f13e.png,0
13d9ead9-e0a8-4607-bca2-f67ed496bf73.png,0
1cd598ab-ce6a-4a09-98e4-af966ca56961.png,0
6608295b-77d6-46b1-a685-829e2e105fc0.png,0
815c9d4b-297b-4ae9-a2f3-609682fe97c6.png,0
2732103c-198b-42aa-abc5-02068b855964.png,0
d38323ca-7fbb-4c19-a047-27d5f0453a91.png,0
24d89a67-a990-40ea-9d2f-6ceb678662b8.png,0
1785e250-3c34-4790-a8b2-7040ed592dd2.png,0
d13d9844-2200-4fab-9612-36db303d9d35.png,0
d64c6d30-57d1-442c-9fe3-7892096409ae.png,0
b2e39cbe-4772-444f-8929-2a748e3bae8d.png,0
ceb972d9-8c8d-48bc-8fc6-b17f9b1c086c.png,0
f2bf16be-f2cb-4946-a7aa-4ba424de8c6a.png,0
cc3dabd0-edc4-40a6-9f04-c1df90fad5cf.png,0
676c4a97-9da1-4274-a682-c98c76996b16.png,0
9e763122-82ad-4f64-9c66-3948af8b1de6.png,0
f8cc97a9-4ddf-4dda-a7d5-50281c086d66.png,0
f504e61e-faeb-44c8-8a58-ab3715a7ee51.png,0
59176191-2d2c-46ce-b24a-622519e91121.png,0
1ba80ed2-f7b7-4d52-90f7-bfb3935eb0fc.png,0
f2b1c29c-d1ae-4909-a688-6710de017b70.png,0
e8bcbe26-eba1-4141-aea1-110b8d19b81c.png,0
056c1ac2-cd4f-4f75-944d-97465fbe66bd.png,0
d8bfffbd-ac71-4daa-9037-857a43edefdf.png,0
625684af-31d0-4b26-9d7e-e73e7e107d30.png,0
afd72747-cef5-4bd4-aebd-0b77e3ffb329.png,0
90dbbfae-1825-412b-a105-260a767d5840.png,0
a9443e48-43cd-4b08-a75d-468663214167.png,0
0d337150-77be-4124-bee9-e54e95afce33.png,0
e00cd8c0-bdfe-43bd-a6da-97451f2c00d9.png,0
9cd0dc09-f2b2-493e-b3d9-602af9680613.png,0
ae33a476-3a86-4553-8d21-f0d39d2f9038.png,0
822c58ee-a841-4be6-b872-6482b256ff17.png,0
56c78bdc-16f6-4ae5-9c79-d3aced86de6d.png,0
9a15075d-817d-460e-843f-5a84495c9397.png,0
2186e879-0e4b-4804-ac72-19235361a7f0.png,0
58250647-789e-4b8c-8a5a-4aec3ef4c859.png,0
3e0babf7-ba62-436b-b4a2-02802489f3fa.png,0
ec51fe19-c67b-49d5-bd3c-1f4fd2ee9f33.png,0
8f4b73dd-0041-45c1-8491-9752984948fa.png,0
6c8dd252-f12c-4f15-815b-2432109d32e8.png,0
78bbafaf-cad4-441c-a559-52b312812a75.png,0
76abff26-8acf-4562-b3e3-d6af12cec79d.png,0
1b289f2a-cc8e-447b-bdeb-7209a49727e5.png,0
efd59150-1dbb-41ac-9db5-37cb1e52d084.png,0
76d76e32-5dde-42ff-819e-f175cc376787.png,0
c80cc013-c69b-430a-b9bd-85b4732edf61.png,0
680e95a1-adef-488c-82d8-c8ca0b0c6359.png,0
34901f88-5c5f-43df-95ba-3e2234b7583d.png,0
4c4e45c4-f490-495a-a416-e5a9b6c3fa41.png,0
749d1680-5742-45ad-a1f4-1bd27cad15ed.png,0
02adbb49-63f4-4f2a-969a-2fed5ebedc0c.png,0
8f895ee9-62e9-467b-9bc0-50a6c342cd2b.png,0
903b5f55-bdd3-44cd-bc27-8d6b13fef01e.png,0
5cb1a871-aa82-4ff6-9caf-779c5e4bd77f.png,0
476ad99a-7b30-407e-b74c-d7f7e9cb5b7d.png,0
9951ae1d-b731-4c89-8c0e-d0867e1bdcbc.png,0
76b0cf19-94a1-4d98-ab80-0401e1bcad85.png,0
414d3b14-74f6-4042-ab6f-caf0c7291798.png,0
ca27fb86-e986-445c-bbf1-acaf87a95a38.png,0
9ab8dc44-16ec-4942-b7bd-4c0d9b51d6e1.png,0
ddfecb05-2032-41ff-98e2-b36d54990e14.png,0
507938bb-5a2d-4532-8c33-92670235e6de.png,0
4afaa39e-333e-4582-b06a-ac04c12e53cf.png,0
d5b544ec-d996-4013-a11c-b283ee5d78b7.png,0
96f71897-3940-4979-8d6f-a4010fb1bd82.png,0
746cedb8-7b04-4476-a1c0-d8cc70a35d4f.png,0
def0d63b-b629-45a6-9703-31b6b5ea07f4.png,0
c25309c6-d217-4469-bec8-bf9ff665206a.png,0
e750543a-ee29-427e-9137-f169fa1bea49.png,0
e761421a-a5d5-4748-a359-68c6b56d22d6.png,0
586f454e-99ee-492a-bf9f-6b10811c8b95.png,0
b4a3f2ce-208e-4369-9d1d-a663d99a8033.png,0
6b97f203-3472-43e5-bace-a9cc68528985.png,0
c5156510-ac4d-40a8-a35e-071ab033c4d8.png,0
dabf0cf9-b978-414c-9346-4c84dd3930dc.png,0
12cedb57-0cf8-4f98-a0ae-11c019552980.png,0
9a4e22f6-3ec1-485f-abe1-639e6eb094ce.png,0
92310de7-a09a-4676-b596-9cf9431c92ab.png,0
738f23c1-246b-40d3-a5b7-9f953d7435c0.png,0
703ce01c-cbd5-461f-a27e-bf654ddb0f7e.png,0
f0b53b8f-0d2c-4bc0-9b38-db31507efd18.png,0
e10d754c-99f2-4fda-9b12-502ffd5733ec.png,0
ac47fa49-3a96-4c28-99c7-34f526ff4f89.png,0
fae10b24-8997-47b5-ac79-7b1a24b874e3.png,0
6c62a21b-6904-45f4-a54a-af67f005e720.png,0
e454a7d7-b3b5-4581-8cbb-248f6ee069da.png,0
803a293f-c76a-4fd5-b085-e5ad1974807c.png,0
0a2f6307-1937-4d3c-aa57-b9dc7c9d1a3d.png,0
894ffa00-2562-4772-b750-efb0bb4188c8.png,0
518f4823-8f02-4ce3-b957-72eea0da228a.png,0
044b04e7-6038-4e53-882d-9a2f768f291f.png,0
08944d5b-9aea-429b-a147-a9706e8bda5e.png,0
ed87f901-3655-46ca-ab01-9d8da0bebff3.png,0
0363451f-b2b1-4289-9049-c00b6dadd769.png,0
0fdd2c23-4d04-4919-8bf2-dc44c996792a.png,0
0f332aa2-02a3-4125-bc7a-9c81235934b8.png,0
74ce7d43-8518-435c-b8c4-f50fe932f3fa.png,0
2fcefc8b-3e4c-422a-b0bb-4dae6b0cd201.png,0
a9d200ac-c95f-4ff8-afe4-276a75a96cd5.png,0
fdcc03a5-0549-4c3a-91bc-7759521647f8.png,0
10e9f540-f078-4f7e-bb2e-455b16dd1d69.png,0
385fb29c-9115-45f4-a79e-06747091b263.png,0
de92701a-c323-423e-ad77-00f6eb12028e.png,0
898d58a9-3f02-4882-b0d9-91ab83af2dab.png,0
4d26c439-d317-4c01-9836-4f901a49d6aa.png,0
8dc11b34-3008-4023-ac98-5cd3eaae4752.png,0
62fdde04-32ae-493b-bd68-b86030949f8d.png,0
3b7fdf78-f139-4d0f-9a34-9b76cfbe7468.png,0
0052e854-6036-4396-a2be-3313609e1585.png,0
88134458-247f-42a2-b4ee-56937f6899f1.png,0
ebfb3281-2e55-4cb6-83b6-9692d4fa3067.png,0
ec459e02-cb0f-4c2c-9ed3-9b471a2315fe.png,0
ad9ef9f7-3d38-447c-bbdc-2569740a7fba.png,0
b581d7ce-f810-43da-8eca-7cbb20f9aa3b.png,0
6a7e7573-1a5c-42e1-8eb0-946a563e457f.png,0
2ff2666a-11ac-4115-b891-e0da08540774.png,0
2f506322-f79f-47f3-92df-9c12bdda8fca.png,0
5643fc35-bd9e-4bf5-ba0c-a53118865fbc.png,0
dc9faa1c-418e-4aa8-a868-11ab0b02d461.png,0
3f21f9a5-a360-40da-bb1c-652d4b7ce4f9.png,0
04aaeaf8-5e3d-4250-ae57-498f50687767.png,0
e1755b9d-31f0-4267-9b14-94114470f6dd.png,0
0bcf589c-06e7-49fa-a21c-cc5ac73021de.png,0
c99fa968-26ec-46d0-a2ba-3deee7b2f728.png,0
c8d25a29-ffb9-475a-a03f-9d05acb2aeb0.png,0
cd2cc862-d969-4eff-8330-efaa9b38360c.png,0
e6ddba7f-5103-41cf-8475-c4752cf9e055.png,0
3a067327-19be-4c25-9bd4-5f81f8e10ce6.png,0
56fdb322-6f60-4809-a6fc-028f2ebff918.png,0
0f5eb459-1ed0-475b-b7f9-eb04c1f8dcf4.png,0
0799b48e-7323-403d-9990-c0c14b61e6e3.png,0
d69d1aff-d87d-4136-a0bb-0aa944b86026.png,0
25b2a479-62e2-4bbd-96a0-5e10ed499503.png,0
8eeafbe5-1e63-45a5-be5d-39f38cf5f4fa.png,0
d9645bb2-df2e-4cda-b2a4-a2af3b4f6632.png,0
81d55b7f-b67d-4a32-aabe-2d801dfb6359.png,0
cf5559f6-258a-4649-af95-d7027fd4f535.png,0
28c85f3f-1eab-446d-849c-c4cfa1448333.png,0
abd01814-44c6-4c3f-835f-47ec16fc5441.png,0
c00b0f73-8197-4afc-ae92-80caf5c2040e.png,0
cf36f09a-c5d5-4d6f-84d9-9bb9eb13a4a9.png,0
ce6eab7d-7479-421a-a65e-ec8dbe1e450d.png,0
b9a3cbce-9965-4e72-8a7f-c69ae44747b8.png,0
8ec16b94-9dd1-480a-aee4-266a826d3b14.png,0
711a6f8c-2774-4443-a0ed-6b2985bbac5f.png,0
21e59553-1525-473b-a5a9-613be58e5053.png,0
596282c7-3c1e-4a39-bfa2-43a34600a5a2.png,0
9a391df9-945c-4b11-bc01-3d51683b9f06.png,0
7f6fd220-13dd-4bdd-83f8-0883f9c2378c.png,0
4f5ac457-c9e9-4313-b9f1-4e9a2e7ed8c1.png,0
a6922d5e-e2a2-46e5-9b68-c87befd64a9e.png,0
cebbc7ff-341c-4dd8-8f40-d8a0267aa0d2.png,0
e256d19b-9f80-4f48-b99d-6136ecbfdc52.png,0
d8e13424-315f-4c3e-8e2f-9f348da9b0c1.png,0
cad74f7f-f007-43ff-974c-5539c116b69b.png,0
781b7cd1-aec4-4d7e-99eb-53ca6aa87a13.png,0
8dd6b30d-f2bc-4800-b720-aff920c27a79.png,0
74fbe2c4-88b3-45fd-a144-b108e5a8c24e.png,0
54ab8c1d-0ee5-4cba-9bc3-62cdef045390.png,0
262a378a-fbee-4888-bba8-e0dd328711a1.png,0
2c860f8c-f80f-40b7-badd-5f1e9628cf5a.png,0
dfb02223-7ffb-4bad-b4d2-d7ca57c484d7.png,0
f3a8b6da-dd77-479c-91b5-1c9fe56d2430.png,0
c7ec5b2b-c565-45c5-b8be-db72de1d9354.png,0
de2cbd86-752a-4eee-8e91-0e89c18dbb3c.png,0
ad95e36f-61d4-434b-a137-08d6bb416a16.png,0
11ee0720-dab9-4784-a8d5-64887aab2b54.png,0
646f9960-3bb4-4f94-9da5-f5bd50a56414.png,0
983af77f-1d53-4a61-89bd-4358d5a4ac8c.png,0
3710687b-1627-4749-a662-87933798e848.png,0
0c26e6fa-341f-42cc-9269-cdab5dc03398.png,0
385d7228-4cce-4276-959e-e8ced7c1e376.png,0
7adad06f-5ee6-4483-81c6-14bf638146a5.png,0
8c44e8ab-39dd-4cbe-bc4b-5a4cc6e8fb5f.png,0
79a5b284-bb7d-4314-8fce-3228ce1db5bc.png,0
1b12d689-0389-4537-93e5-e17e422e6240.png,0
337ea67c-d670-4e2c-b4db-014e6feb054b.png,0
565d0eb7-33a4-4426-888a-27eb5e28ee32.png,0
46315bfc-3c09-47d5-ad93-85ea0c0a241f.png,0
53c852a7-f2ab-4bd8-92b2-4d1cb0f36950.png,0
c1bf671e-f6a8-4389-b446-78fac06ac83f.png,0
e74d73b5-bf98-411a-b109-d6d735f2a2e0.png,0
8cec6f7b-9b20-4ce5-8408-8e78a5759958.png,0
88e2f576-f449-4941-b372-a7f810cb6498.png,0
463d8b41-d9c3-48e9-b220-e7e1548f3f46.png,0
dd55cea3-4a0f-410a-8ce7-c147f324fb75.png,0
a799d097-fadd-43ec-af62-517fb08282dc.png,0
98cdf561-32bf-4699-b202-531d98bab610.png,0
5bc5e8e4-57b3-4057-9aee-c661db6d7239.png,0
cb60b95e-2b22-4448-8dfe-1e8189498a49.png,0
a76ff0af-01d7-454e-8f20-bbae54c03b59.png,0
37f59a04-3df3-47ce-bb9f-062665083bae.png,0
1cf6889d-d219-434d-ae23-9c0d64115f11.png,0
b17c0634-2913-4467-9d34-904dfd54780d.png,0
4afd2a5a-eb9e-4b45-ae58-4d99eaa638cd.png,0
cb2e112c-fa17-4beb-89ea-8e534775f1cc.png,0
9a7625a0-edb6-451f-b4f6-c4eaac55eda3.png,0
8374d71f-d69a-4c61-aab7-705bab0a3398.png,0
8ba3a77b-b624-4aaf-b6fe-c4fcfd302c89.png,0
1b3f55e6-5c27-476e-bd08-eee9af4147a8.png,0
98ce625a-35d0-41aa-8794-45a85b4566b1.png,0
b0a99e28-e0b2-4a7a-b51e-8a953fca4875.png,0
75213c5e-0847-4972-aa49-78d9aec1d841.png,0
5ebb23dd-5014-4454-b85b-e91dfd332bf7.png,0
e2317c4d-0bb2-4797-b818-db17231e2b5e.png,0
601cea69-1b71-4787-b3be-d95b55f2bf69.png,0
89b0b31f-a563-49fc-8dd6-098799115b06.png,0
daa80250-3c45-446d-88e9-7672242699ac.png,0
a95fbd73-bffe-4f95-b019-c51100dc2500.png,0
9070b55c-f4b5-4e75-8998-09eda13b0500.png,0
1e5cef09-3183-419b-b403-9cd460011350.png,0
1a2f75f1-8b68-4789-aff1-7e140498dc76.png,0
c8a08983-345e-4275-bad5-49324b782119.png,0
92cca9a5-6412-4de0-81f4-1b69f1b10dfc.png,0
8f0bceaf-3edd-45f2-bb6c-8829beee0659.png,0
cc2690ee-ce69-4f58-b22d-d83e2d64b029.png,0
4f830cd2-fede-4df7-aa1e-01c9a4d3f9d9.png,0
e021f1a3-30c8-49b0-ab9e-9de5b227d354.png,0
c12a28dd-ef9f-4baa-bdd1-ad8f3a2ad71e.png,0
93e692a5-6aa7-4294-8e90-8076f5b6ddea.png,0
37ffd7a3-6a98-485f-9d6b-c8f4fa35f7c0.png,0
1e0b9f63-5dfc-4add-9b2a-831d6dd55deb.png,0
2fa89a50-22d7-420f-bde6-3d02bb393b0f.png,0
658ebc07-2dff-47f1-8bbf-12a82f7bee85.png,0
eabc2313-ea5d-43fb-9a71-fec28428ed87.png,0
1899fba4-e77a-4e96-9b62-99e74959a14f.png,0
5c1ae925-b895-4763-8e24-c2f4ee33c2d5.png,0
2247b292-4aa6-4322-b4bf-06ba47e83209.png,0
480868bb-6dd3-4bc3-9b9d-3251025082ee.png,0
8077b559-3329-42ac-b5b6-650e20277c27.png,0
c0e03a4b-5b6c-415b-9056-91581fccb4ac.png,0
e11b737f-e0f8-4c24-a632-fb13f4ecca1d.png,0
d4d949a6-71f9-4f9f-bfca-d299353c51c1.png,0
c1b34941-6266-4f75-8467-3b817035ba2c.png,0
466e02d9-7294-498b-8073-f7f078244282.png,0
c87db956-47d3-4485-9174-182a3f091215.png,0
87e5a4c2-78e8-4b74-902e-33bac74cf103.png,0
20412822-e07b-4d86-b39a-a971663576da.png,0
5ae15c6b-bc67-4d52-a5a6-e92036b833f2.png,0
64103531-584f-4e45-91e8-ab8fa6820806.png,0
9b69b7a9-63f5-48fe-a5a7-a06b1f51a312.png,0
d86c9663-4de0-46f1-8c97-5f85372057a2.png,0
250d1142-8570-49d3-81e2-c0e3a58ce6a3.png,0
f9314871-7d32-4162-a8ff-c07b76a06b18.png,0
8c17d00d-7f25-4e14-bfe7-7f34a5ff6e9d.png,0
85b21c4d-2322-4ebc-bc7a-c91f73da8efb.png,0
91718fee-3a24-43c3-9228-2860454fd005.png,0
6a47daab-5405-4006-be7b-b3736fbd5efb.png,0
486a7123-93c8-4da1-a8f5-63b3f79ba713.png,0
fcc155d7-856d-43cb-bf10-1ff642ef53ad.png,0
4dc29418-c0f5-46d2-a2a7-9102b195a46d.png,0
21f50540-3b83-418a-a4ed-ad9013f51b81.png,0
0ced330a-c731-4c3f-b5ed-4a6872c517fd.png,0
1cbcb892-c4f4-443b-8dae-c46363aa3270.png,0
3709a1ac-a9e2-48ff-9ed1-a70d2baba514.png,0
b170c128-5640-461e-98a6-5f40bfd58ac3.png,0
819031b4-f779-4969-be0f-5920ca350eb6.png,0
a36e2b1e-ac27-4b96-98bb-c9077bbc47cd.png,0
be1f86b3-4525-4d75-b2cd-a78dad5a5021.png,0
236bbf24-e678-463c-b6cb-41145b4d0cd6.png,0
75f633ef-d746-44ca-aae0-6a6fe7107491.png,0
3c38c17b-60e4-4421-bf67-f160c891efeb.png,0
c9d18cfe-554a-4ad1-8f10-f97d136e70e6.png,0
b20c861a-13d0-496f-81ea-de4c9d687bae.png,0
f4e75cb7-4edf-4e7d-98b7-4788ea1d3dfb.png,0
07fe9952-e41b-40c2-8175-ef4b9f4a0348.png,0
89b13442-af86-4277-b278-604211577ac9.png,0
d3b18a0e-0eaa-46e0-a35b-e8c4de19fc46.png,0
48fc8e5e-192e-42c1-b6e6-7acb1762fc58.png,0
2e196457-1b54-44d3-b6ec-04fd39713647.png,0
992ad283-dfc2-4f49-98e7-1a5019b03512.png,0
092374cd-658d-4921-8732-5c748267757c.png,0
698e148f-c045-4b81-8c76-2afa57f7ec84.png,0
5a99cd7e-0e87-4709-9147-be529b56b235.png,0
b51e9ccf-749d-4df0-8e4b-e2eed7945a81.png,0
6a2e60bd-6ab4-4e11-83e4-321e6a4e68e8.png,0
f65327ff-779b-4904-9f3a-137ea8aa0b89.png,0
b454f377-a962-4ff9-8d97-3dfc08a295f7.png,0
ee050296-2d98-4d77-a6b0-4546d1490cac.png,0
66728d4a-37fe-4385-a16f-606dce22206f.png,0
c9c7c9d3-61fc-435c-8bc1-5af13a6b4d81.png,0
1356d613-62ab-4305-a5fd-84c48eb61123.png,0
c0ffe7a7-5ea3-447c-ae76-1151d0e986e1.png,0
23ccb40e-de1f-42d8-bf92-a49334a6660e.png,0
ac70705c-6844-4244-8097-fa88b578d237.png,0
5d5d779e-0264-403c-a5d5-da930ebe1615.png,0
4b3438f4-faa9-487d-8dc9-392d9d0c81a7.png,0
3e70a1ce-43c9-41aa-b794-165469bc0aed.png,0
33af008e-82ea-463c-ae42-a7013078e762.png,0
28d6c048-bcfc-4e6a-9a7e-cae24226d95f.png,0
5189ad3b-9b99-45f2-8b8b-fffb67e979a4.png,0
394636dc-e6bd-452a-bc81-85a12f47d651.png,0
5f9e66db-7ba0-4ece-8d7c-3da78c92eca6.png,0
3322d8cc-3ac6-4bb5-b3b3-c6fe8735c53e.png,0
ea5c9389-0da7-4368-ad93-f5acf131417e.png,0
7f4ae068-a220-4833-ad56-89894372ddb7.png,0
c40dc0b1-6167-42ce-a418-9659dc16089d.png,0
b81d94e8-b4f1-4547-bb79-fd9dc06ab949.png,0
27938c1e-fa6b-4854-893c-3d1282863a0c.png,0
4a8d2145-e162-45e9-b903-1f64fc25fc86.png,0
a6408b22-d501-4361-9c38-220a1be528f1.png,0
1ecb416f-71c7-409d-bc59-6d39e87b81b9.png,0
1816fead-d769-4572-a16a-3a93b286f460.png,0
d695eceb-cc54-4313-828d-a0516ed2e45e.png,0
5cc04251-b334-4e2f-946d-000351009721.png,0
85358d1a-8262-4a5c-a625-5d68053de150.png,0
f21931bf-2d88-44e4-a008-166ee07a771a.png,0
76c3e9fd-8a3b-4726-a227-975fda865b67.png,0
444b70e7-51b7-4ca4-b304-75ce1d1a76c2.png,0
c1fb5990-3720-4a97-96f1-00795ec653ee.png,0
855a0a76-9684-4a77-b8dd-76e0240d4cc7.png,0
3edbc782-9b2b-4705-87c6-455da77b442d.png,0
d17dc777-2210-4f3d-ac81-589cfbe39825.png,0
b0b56cd5-ee3c-4e34-8b6a-cf15f64617d9.png,0
2b8bd040-4584-40c4-ad7c-65b785086c72.png,0
ee0a87d5-1be0-4bad-819c-4ef27f3b9358.png,0
c445cfcc-3d3c-4345-8880-0905c96787ba.png,0
9ecc8fa0-2756-4638-af48-21b8874facbc.png,0
b083fba2-34d1-4677-aa24-6fde8797e69f.png,0
e3eb2969-1781-49f9-a1c1-661817706bd7.png,0
55979507-6fce-4e2f-8004-229e150b121f.png,0
83645f5f-cf82-4c7e-a1ab-b923a00f43f6.png,0
648cd226-7c3d-4ab0-9b86-0cc844227d3a.png,0
b8702915-8c1e-4bba-9cd8-5d0b203151da.png,0
d5064733-f712-4495-946e-1406ba2692c2.png,0
34c12d7d-73f4-47d6-9315-e93b447b1dd2.png,0
315f8744-665a-412f-aaa6-4e12ba750da8.png,0
6ddb711c-6c91-4755-be10-8cbb93466d07.png,0
549797be-f9cb-4c8f-ab94-9890a1d4889e.png,0
f571e0e0-2b06-4926-9c57-4b6dc48f63a1.png,0
4b512efe-a571-423e-9a83-dd68f8d5e43f.png,0
e998046e-390e-45db-87f6-a57f4c543f08.png,0
cf1e4f8d-5a13-4859-8895-40690b5b20fe.png,0
4e7d51be-9343-46e9-9abb-75d3d666ebbd.png,0
8b0d9eda-abcc-47ed-aaa1-2d3737610add.png,0
2ceec0ce-627a-4093-80a7-fd1de21768ba.png,0
be757e7b-4359-4377-b068-f7bd2179c968.png,0
c11c44c8-35e5-407f-be59-1a0e89c709d7.png,0
d529e7aa-c4b5-4219-9f28-fbf7ee938062.png,0
897f31fb-4659-430e-9244-fad71817a88f.png,0
7ccf5aff-5b79-4490-ba7c-bc052b8263c7.png,0
502c711b-521d-49ce-9297-7d6d5ce50dbe.png,0
8241e84f-6104-46b3-842b-cf80d7150fe3.png,0
693c4a88-4c7d-44b1-9e51-63bc0c026091.png,0
90a41bba-235a-4c02-996b-54b6c5e3c8fe.png,0
d256a910-5cc4-4eaa-bc7e-8f7751645972.png,0
12c00910-1553-4c03-ac28-28b7cc990cf3.png,0
21c9f46b-b809-4adc-a770-d7ae6e521aaf.png,0
aa3e0129-26e7-481c-981b-ed6820667828.png,0
1a8e779f-a9db-4c3b-b259-5a2c07d7861f.png,0
079010a5-9d9c-42e6-bb00-ec4545227731.png,0
86bdf6cb-08eb-4bb6-b4c3-ab1385e80454.png,0
a17a76b8-bc10-44d3-9647-6e1266ead3e9.png,0
99595f1b-f43a-4032-892f-78d37209c9b2.png,0
fd970b1a-116d-431b-8046-73a77b12fcad.png,0
0c56a966-d9ef-4a69-8596-aeac376e7aa1.png,0
791a4035-5ed6-43eb-a7e3-556502a9121e.png,0
de036e0b-911b-4279-8c2e-c23ee88c0353.png,0
ba4474bb-e742-4904-b0de-4918437f9dbb.png,0
041f2a1a-8fd9-4e63-a8aa-17371142c615.png,0
1a539473-0cef-476e-8e9f-812ca151f8ff.png,0
192513b5-bc4b-4c38-8201-5fa983673b0b.png,0
b9a3d5ad-ad92-46c7-87b6-c970f8db3b60.png,0
992cabf9-d182-4a7f-92a5-bcd7b162322a.png,0
b84c1a14-d537-4639-b0c4-51d69bc0c540.png,0
4110c58a-43cd-4665-a118-f74bd3dae464.png,0
279a1639-38d8-4aff-8273-c478da620e2f.png,0
f5799f51-79bd-4a5a-a9fe-6aad2fdd66f2.png,0
5f602661-7953-48d7-a494-0a4f32e9b03c.png,0
d4759ad7-5ec7-4dcb-8d53-9e4252376d82.png,0
c35fda5c-56dc-41d9-b618-aa86a1c0f4ae.png,0
eaf66c68-ea7d-4334-bc88-714329134aa8.png,0
974fddf2-60d2-4b89-bc96-5ad101d01ba0.png,0
e1dcf0bc-70b0-4586-b13d-81530f5b904b.png,0
40749aa0-b243-493b-8b15-a34bcc1f6bd2.png,0
409d42f9-2f57-4cad-9be3-e59ad742b5db.png,0
e85d0a9c-9dd6-4423-a647-c26e422ae162.png,0
096e14c6-d07a-4576-982c-250244322e1a.png,0
cbfb9d36-a7d4-4a64-9326-66abf6fe704d.png,0
0382a948-360d-45e1-bc7a-062d7c245b68.png,0
9f9e7d7c-60e3-415b-8568-04bf9d1f82f4.png,0
1806b2b8-d3a3-4fc2-ad95-9e42adc117c2.png,0
a4917edd-ecd6-44bf-95d0-7eef7df2296e.png,0
07d42cde-ca3f-4605-9380-62d6606c7545.png,0
a2fa6e87-1b55-4a1d-aa58-98f94f37935e.png,0
d7089d3b-0c16-4e56-b108-44445658bb0d.png,0
6029fb18-68e0-465c-a342-e682b60250c8.png,0
1f1b03ed-82ca-46de-8a55-8ebf7dda3f3a.png,0
060c408c-a259-4fa7-82c5-baa7f43ba61d.png,0
04a8932a-eb0b-430a-8471-2f239953c587.png,0
235cfde3-1fe9-4b40-bada-df37029191fa.png,0
a558abcf-d1b1-48ed-8f5f-c48a99656259.png,0
5908da92-23c4-460f-84a1-59c2ddbf058a.png,0
5a88e012-9808-408c-89ef-d890e466572e.png,0
fd224a20-d536-4cf4-8158-3fa969127008.png,0
f4f7dfe0-9987-4c14-a46f-4b34b851f1dc.png,0
297ff501-d32b-4c9c-a238-463c6f4d6f75.png,0
e815e23a-33eb-4dca-be79-d9a7c2e19aff.png,0
0fe79bd8-9f5e-42df-933d-05c156be871a.png,0
b6e28868-6526-4c85-92b4-40d98c722bd2.png,0
d1cbde48-47a8-472f-bbac-94efced2fc8d.png,0
abc0e058-b9f2-4974-a2fb-68e7795948d3.png,0
d6603954-c6c6-48dd-af79-c168427642f3.png,0
8dd2390a-15c8-4d5d-bb9c-b2d781e17b75.png,0
a2f706dd-2d1b-4c21-93a0-7a45ab693a0a.png,0
6520762c-0bfc-46bb-a0ed-62a811bcf893.png,0
3822ead9-9666-42a2-a931-b937bc0fa164.png,0
1ce17925-85bf-4af0-a24a-7cd8bbfe3d2f.png,0
95294b41-d642-4613-a006-2ed1f0af0778.png,0
79bb7d2c-4786-41eb-af0e-1f20b55c2b7b.png,0
a9734ffe-f193-4de7-ab7d-45a6961f408a.png,0
a5a351a2-088c-4cf7-bee2-7d9ba4989749.png,0
6925a750-b419-4396-9c4d-d8650e970954.png,0
8dd8dcd0-5ce6-4958-b26b-813e6e5f98f7.png,0
4ba84bea-b7fe-472d-b8c5-173ec90e1d44.png,0
9bda8041-8c76-499f-a8a4-f0fee47d38b0.png,0
6c0dcec9-b281-48cb-a0b7-682770371e6a.png,0
5f544265-fbba-43b7-860c-da398b72abec.png,0
f4a045ff-af17-474d-bd01-3847c8a4af75.png,0
d39942ad-825a-4741-9d70-3778a58ef3c7.png,0
2522d201-09d6-4c24-b35f-37c6a5372a13.png,0
898cb07f-6314-485c-80c2-16c6404aebf4.png,0
2c23fc5e-8ca7-485c-8abd-52ec308f03a9.png,0
2907f792-ac4a-456d-9084-2671c8d1c2b9.png,0
451456a6-f26f-4747-8a1a-7ea4b2455ffe.png,0
ed1d3cd2-0e6b-43fc-a634-04108c922fe4.png,0
9e77acae-243c-4e0a-9fed-0219ecf01a75.png,0
92560805-fe09-4bfa-84e3-402fcb497551.png,0
e8409e4f-f3bb-43a4-b69b-5a94537fad3b.png,0
77c82d29-cc93-4960-9d63-4171a9f5c23c.png,0
694b2a89-5f47-41f1-8328-f428d5e20427.png,0
55a0c0a0-006a-4482-9c9a-3bedd68743cc.png,0
8ed2bd10-2111-4bfc-9c0e-34d22ccb4f6d.png,0
7aa4dc0f-f4db-485f-90df-8a27edc56b15.png,0
9d91c91e-39d5-41d3-80c6-00ca146e399a.png,0
36f0efa6-d56a-47d6-a3b3-d9808d98d484.png,0
264fe4fc-428f-43fb-a2b3-5f515e5c3034.png,0
36bab22b-53e8-4606-8657-270dbdac526a.png,0
e1e35573-2f4f-412e-a54d-cd0de4912509.png,0
76b0fc6f-5e3a-498c-9473-38959863cd98.png,0
fed0d26b-5468-44db-a46c-7e9a8873059f.png,0
12d0ce52-e72e-4c9b-8d26-1b240986142e.png,0
49d1f8c2-c3c9-42ab-aae8-9b2885675076.png,0
94ea156f-e91d-4f56-a477-f707c72bd3d8.png,0
cd5357d0-fc86-4755-948e-0c19c3893240.png,0
f1e46845-ecb3-4537-bab6-16337d783d9a.png,0
4cb64507-0fec-444d-aff5-a6457a6b0996.png,0
c7a1c686-6af2-41dd-972e-93448171c879.png,0
fcd13c2b-6bcc-4cc3-8b4b-c6d5bee3f84b.png,0
892969a3-106f-461e-8d9d-e79d297ffb78.png,0
9b8808cf-cca3-4eb8-9afa-249b21f914d4.png,0
61411f65-978a-47ec-8e08-c584e058c4d1.png,0
3b664eef-0818-499e-b547-44b79544caf7.png,0
84b984e1-2fbf-4a56-9418-2f901e2ece71.png,0
5207c536-8495-406d-9c7a-1e97f112f460.png,0
e041f5af-4585-4c8f-a814-fac119106d0a.png,0
2fc2de5a-147d-4d01-91c4-cee4aaadcaea.png,0
2f21fc3c-8fcd-414c-ab52-47a24afd732b.png,0
20d5866b-1b5d-4735-a4b5-f483bbe1c4bd.png,0
b11356c6-fe45-4ba7-8196-327c36f64625.png,0
589bb0ee-0a0f-4321-8b4b-cf6c6cd03f6b.png,0
8e949019-05ed-4902-8ab9-44470342a5b0.png,0
da7f8cff-8df8-498e-8dd3-77254664668d.png,0
e52784af-0937-454e-881b-b1ca7c160970.png,0
fb39e7e5-6d76-4024-a3fa-f801352dc0ca.png,0
0cdbdd46-5d9e-4636-b308-72d357d776b0.png,0
0065518d-5e6c-4c5b-9ae5-652a575741a8.png,0
e15be43b-3bd1-4447-b9ce-3f598f70294e.png,0
9e5a3185-8249-4908-be37-97ffd8344f39.png,0
9225ba4d-edcf-4a38-a83b-fa215b21ca4d.png,0
98787c56-c04c-4c6b-b34b-1678d7438486.png,0
7ddcf6b4-74b4-4a12-8584-a49f012cf60f.png,0
d2558997-6361-4ec5-8e13-6d3b01323547.png,0
127d9504-f1ea-4fea-9593-0e54a28a3af8.png,0
1e712fc4-3593-4453-9494-2ce3aa85e749.png,0
f6224ff8-3275-4061-b708-4375a28c5ca5.png,0
7f5db485-e2d6-4a01-8003-21cb3b0386df.png,0
090b078d-e8ce-4e16-8872-be86d6f3adb4.png,0
a821d37f-787a-497c-9ea2-6f1415554246.png,0
40d253f3-43e2-48e9-8cbd-1332d1104d6b.png,0
b1e96f91-1d4d-4f83-85e1-78a8502e7cd0.png,0
d60c133a-b099-43c9-ae61-f6a283fcc994.png,0
e9d45e95-5025-4724-ada6-5918ba3e3389.png,0
475039df-726c-45d9-8314-3dc5fff0c531.png,0
c4053d3f-3e97-45d0-8bfd-00ec7342ccb5.png,0
dc741c24-a70e-4a51-b099-e061ff1e7dd7.png,0
b2dbfcef-2ab2-4ad6-b0cc-8e5063994b78.png,0
f7ec92f3-0b59-493c-ac0a-0ab990c4d86f.png,0
60879921-75c5-48d7-abd7-b1efe08291d7.png,0
35471cb2-9738-419b-9770-dc8594dab8cf.png,0
46b6e47b-6f99-47e5-b87c-f1f598c692f8.png,0
ce69cc93-665a-415d-ae3c-5949141f7e03.png,0
4b7ce298-c19f-4781-bbc5-299c2df6d84b.png,0
7e35ff0e-4dce-4ec7-8ad4-f3c03a5913e9.png,0
